{
  "mae": 0.07855446635689653,
  "mse": 0.009663927741790226,
  "rmse": 0.09830527830076179,
  "r2_score": 0.7176509257506618,
  "feature_importance": {
    "freshness_score": 0.14212668121273572,
    "available_quantity": 0.09744136748275951,
    "demand_factor": 0.48056397297939785,
    "seasonality_factor": 0.2259494033342183,
    "time_of_day": 0.0025176119198908747,
    "vendor_rating": 0.050429365077972785,
    "category_id": 0.0009715979930248087
  },
  "n_train": 3750,
  "n_test": 1250
}
