{
  "accuracy": 0.8515625,
  "classification_report": {
    "0": {
      "precision": 0.8888888888888888,
      "recall": 0.7272727272727273,
      "f1-score": 0.8,
      "support": 33.0
    },
    "1": {
      "precision": 0.8526315789473684,
      "recall": 0.9418604651162791,
      "f1-score": 0.8950276243093923,
      "support": 86.0
    },
    "2": {
      "precision": 0.6666666666666666,
      "recall": 0.4444444444444444,
      "f1-score": 0.5333333333333333,
      "support": 9.0
    },
    "accuracy": 0.8515625,
    "macro avg": {
      "precision": 0.802729044834308,
      "recall": 0.7045258789444837,
      "f1-score": 0.7427869858809085,
      "support": 128.0
    },
    "weighted avg": {
      "precision": 0.8489035087719298,
      "recall": 0.8515625,
      "f1-score": 0.845096685082873,
      "support": 128.0
    }
  },
  "confusion_matrix": [
    [
      24,
      9,
      0
    ],
    [
      3,
      81,
      2
    ],
    [
      0,
      5,
      4
    ]
  ],
  "feature_names": [
    "wind_speed_kph",
    "wind_direction",
    "wave_height_m",
    "rainfall_mm",
    "tide_level_m",
    "moon_phase",
    "visibility_km",
    "past_incidents_nearby",
    "location",
    "uv_index",
    "humidity",
    "pressure",
    "beaufort_scale",
    "wind_gust_kph",
    "cloud_cover"
  ],
  "location_mapping": {
    "Batangas Bay": 0,
    "Calatagan Coast": 1,
    "Lubang Island": 2,
    "Mindoro Strait": 3,
    "PH_13.869_120.765": 4,
    "PH_13.911_120.560": 5,
    "PH_13.913_120.549": 6,
    "PH_13.925_120.579": 7,
    "PH_13.931_120.579": 8,
    "PH_13.931_120.619": 9,
    "PH_13.953_120.613": 10,
    "PH_14.031_120.567": 11,
    "PH_14.048_120.571": 12,
    "Verde Island Passage": 13
  }
}
